{
  "BM25": {
    "ndcg_cut_10": 0.5854198895071295,
    "recall_100": 0.7406635788838322,
    "recip_rank": 0.8116086383517216
  },
  "Dense Bi-Encoder": {
    "ndcg_cut_10": 0.6106997013615663,
    "recall_100": 0.8254464265345807,
    "recip_rank": 0.8084504702567509
  },
  "Hybrid (RRF)": {
    "ndcg_cut_10": 0.6281147927576178,
    "recall_100": 0.8420609085392408,
    "recip_rank": 0.8341188800393036
  },
  "+ Cross-Encoder": {
    "ndcg_cut_10": 0.6449040733534768,
    "recall_100": 0.842060908539241,
    "recip_rank": 0.8604948904091855
  }
}