{
  "BM25": {
    "ndcg_cut_10": 0.5854198895071295,
    "recip_rank": 0.8116086383517216,
    "recall_100": 0.7406635788838322
  },
  "Dense Bi-Encoder": {
    "ndcg_cut_10": 0.6106997013615663,
    "recip_rank": 0.8084504702567509,
    "recall_100": 0.8254464265345807
  },
  "Hybrid (RRF)": {
    "ndcg_cut_10": 0.6281147927576178,
    "recip_rank": 0.8341188800393036,
    "recall_100": 0.842060908539241
  },
  "+ Cross-Encoder": {
    "ndcg_cut_10": 0.6449040733534768,
    "recip_rank": 0.8604948904091855,
    "recall_100": 0.842060908539241
  },
  "+ LLM Reranker": {
    "ndcg_cut_10": 0.7166879159008763,
    "recip_rank": 0.9007253236075458,
    "recall_100": 0.842060908539241
  }
}